employee_id,age,department,job_role,monthly_income,years_at_company,job_satisfaction,overtime,attrition
E0001,39,Sales,Sales Executive,6551,28,2,No,No
E0002,55,Sales,Manufacturing Director,9117,2,3,No,Yes
E0003,43,Research & Development,Manufacturing Director,7180,36,2,No,No
E0004,60,Sales,Sales Executive,5688,22,2,Yes,Yes
E0005,25,Research & Development,Research Scientist,2746,23,4,No,No
E0006,56,Research & Development,Manufacturing Director,1505,2,1,No,No
E0007,55,Research & Development,Manager,11068,8,3,Yes,No
E0008,57,Sales,Research Scientist,7179,2,2,No,No
E0009,20,Human Resources,Manufacturing Director,5215,40,4,No,No
E0010,22,Research & Development,Sales Executive,7269,31,3,No,No
E0011,40,Research & Development,Sales Executive,4415,22,4,No,No
E0012,22,Research & Development,Healthcare Representative,5771,27,1,No,No
E0013,20,Research & Development,Manufacturing Director,4430,6,1,Yes,No
E0014,52,Human Resources,Manager,3391,40,4,Yes,No
E0015,47,Research & Development,Human Resources,1869,21,2,Yes,No
E0016,54,Research & Development,Research Scientist,2985,21,4,No,No
E0017,58,Sales,Laboratory Technician,8747,39,3,Yes,No
E0018,24,Sales,Manager,4329,3,2,No,No
E0019,53,Research & Development,Sales Executive,7677,17,1,No,No
E0020,19,Research & Development,Manager,8605,3,1,No,No
E0021,33,Research & Development,Human Resources,6536,17,3,Yes,Yes
E0022,30,Human Resources,Sales Executive,5843,10,1,Yes,Yes
E0023,28,Research & Development,Sales Executive,6793,18,1,No,No
E0024,48,Sales,Healthcare Representative,5583,28,1,No,Yes
E0025,23,Research & Development,Manufacturing Director,9149,11,4,No,Yes
E0026,52,Sales,Human Resources,10628,2,3,No,No
E0027,55,Research & Development,Manufacturing Director,9690,6,3,No,Yes
E0028,46,Research & Development,Healthcare Representative,1767,29,3,Yes,No
E0029,21,Research & Development,Research Scientist,5539,23,3,No,No
E0030,43,Research & Development,Laboratory Technician,6509,40,2,Yes,No
E0031,45,Research & Development,Research Scientist,7519,36,2,No,No
E0032,34,Research & Development,Research Scientist,2700,6,3,Yes,Yes
E0033,33,Sales,Sales Executive,2664,30,4,Yes,Yes
E0034,38,Research & Development,Human Resources,9375,3,4,Yes,Yes
E0035,60,Research & Development,Sales Executive,5270,3,3,No,No
E0036,18,Sales,Manufacturing Director,3228,32,4,No,No
E0037,39,Research & Development,Manufacturing Director,4072,16,4,No,No
E0038,31,Sales,Sales Executive,7359,40,3,No,No
E0039,41,Research & Development,Manager,4690,0,4,Yes,No
E0040,18,Sales,Manufacturing Director,7032,20,1,Yes,Yes
E0041,57,Research & Development,Sales Executive,4347,12,1,No,No
E0042,37,Sales,Sales Executive,2663,40,2,Yes,No
E0043,59,Research & Development,Healthcare Representative,9634,27,1,No,Yes
E0044,24,Sales,Healthcare Representative,7376,31,2,No,No
E0045,43,Research & Development,Laboratory Technician,5766,11,1,Yes,No
E0046,47,Sales,Laboratory Technician,5353,36,4,No,No
E0047,52,Research & Development,Sales Executive,9723,34,3,No,No
E0048,18,Human Resources,Sales Executive,7801,32,1,No,No
E0049,45,Sales,Manufacturing Director,9023,19,3,No,No
E0050,24,Human Resources,Laboratory Technician,5216,37,3,Yes,No
E0051,36,Research & Development,Research Scientist,6611,27,2,Yes,No
E0052,20,Research & Development,Laboratory Technician,7385,2,4,No,No
E0053,20,Research & Development,Healthcare Representative,5290,36,4,No,No
E0054,50,Sales,Laboratory Technician,6290,0,4,No,No
E0055,48,Research & Development,Laboratory Technician,5216,27,1,No,No
E0056,56,Sales,Research Scientist,7378,10,2,No,No
E0057,48,Research & Development,Healthcare Representative,3593,36,4,Yes,No
E0058,43,Research & Development,Sales Executive,7758,29,2,No,No
E0059,23,Research & Development,Human Resources,7184,33,2,No,No
E0060,50,Sales,Manufacturing Director,6053,28,2,No,Yes
E0061,27,Human Resources,Research Scientist,7489,23,2,Yes,No
E0062,22,Sales,Manager,5697,35,3,No,No
E0063,49,Research & Development,Human Resources,5026,12,1,No,No
E0064,43,Sales,Sales Executive,7696,21,4,No,No
E0065,24,Sales,Research Scientist,7791,12,3,No,No
E0066,41,Sales,Research Scientist,5384,4,1,No,No
E0067,47,Research & Development,Sales Executive,5195,35,4,No,No
E0068,39,Sales,Manager,6097,20,3,No,No
E0069,48,Research & Development,Research Scientist,5286,2,2,No,No
E0070,39,Human Resources,Laboratory Technician,9855,33,2,No,No
E0071,33,Sales,Manager,7196,38,3,Yes,Yes
E0072,27,Sales,Healthcare Representative,6532,27,1,No,Yes
E0073,29,Sales,Healthcare Representative,4448,13,3,No,No
E0074,52,Sales,Sales Executive,8126,35,3,No,No
E0075,34,Research & Development,Human Resources,5154,30,2,No,No
E0076,48,Research & Development,Sales Executive,5064,11,2,No,Yes
E0077,33,Sales,Healthcare Representative,8200,13,3,No,No
E0078,40,Sales,Healthcare Representative,7352,40,3,No,Yes
E0079,44,Research & Development,Laboratory Technician,1500,39,2,No,No
E0080,38,Sales,Manager,6153,27,4,Yes,No
E0081,49,Research & Development,Human Resources,6776,1,4,No,No
E0082,57,Human Resources,Sales Executive,5753,9,2,No,No
E0083,55,Sales,Human Resources,6853,14,3,Yes,Yes
E0084,57,Research & Development,Research Scientist,2519,21,4,No,No
E0085,19,Research & Development,Manager,1500,35,1,No,No
E0086,50,Research & Development,Manager,4354,34,3,No,No
E0087,49,Research & Development,Manufacturing Director,7121,11,4,No,No
E0088,35,Research & Development,Human Resources,1500,4,1,No,No
E0089,31,Research & Development,Manager,4644,11,2,No,No
E0090,20,Research & Development,Manufacturing Director,2270,9,4,No,No
E0091,54,Research & Development,Research Scientist,5966,36,4,Yes,No
E0092,54,Research & Development,Manufacturing Director,10807,0,4,No,No
E0093,21,Research & Development,Human Resources,6022,34,3,Yes,No
E0094,43,Research & Development,Research Scientist,6263,26,1,Yes,No
E0095,41,Research & Development,Human Resources,8346,4,1,No,Yes
E0096,25,Sales,Research Scientist,6547,28,4,Yes,No
E0097,41,Sales,Healthcare Representative,6027,23,3,No,No
E0098,52,Research & Development,Healthcare Representative,8539,0,1,No,No
E0099,32,Sales,Research Scientist,7538,9,1,No,No
E0100,49,Research & Development,Manufacturing Director,7135,14,1,No,Yes
E0101,59,Sales,Research Scientist,6195,8,4,No,No
E0102,37,Research & Development,Laboratory Technician,5739,23,4,No,No
E0103,22,Research & Development,Human Resources,8518,25,4,No,No
E0104,30,Sales,Sales Executive,5760,6,1,No,No
E0105,23,Sales,Human Resources,9209,5,3,Yes,No
E0106,33,Research & Development,Healthcare Representative,4196,26,4,Yes,No
E0107,45,Research & Development,Manager,9654,19,3,No,No
E0108,26,Research & Development,Research Scientist,7538,10,4,Yes,No
E0109,40,Sales,Human Resources,4369,10,3,No,No
E0110,60,Sales,Research Scientist,7620,1,1,No,No
E0111,29,Sales,Manufacturing Director,5069,35,2,No,Yes
E0112,55,Sales,Sales Executive,6574,34,2,No,No
E0113,31,Human Resources,Human Resources,5429,22,1,No,No
E0114,44,Sales,Healthcare Representative,6208,14,3,Yes,No
E0115,24,Sales,Research Scientist,8571,8,4,No,No
E0116,29,Research & Development,Healthcare Representative,7641,12,1,No,Yes
E0117,55,Research & Development,Research Scientist,4024,37,2,No,No
E0118,43,Research & Development,Manufacturing Director,4150,3,3,No,No
E0119,42,Research & Development,Manufacturing Director,7096,33,2,No,No
E0120,39,Human Resources,Human Resources,7255,12,1,Yes,No
E0121,28,Sales,Laboratory Technician,5016,10,1,No,No
E0122,57,Sales,Sales Executive,10001,33,1,No,Yes
E0123,34,Research & Development,Manufacturing Director,8290,39,4,Yes,No
E0124,18,Research & Development,Human Resources,5124,40,2,No,No
E0125,56,Human Resources,Manager,4911,10,4,Yes,Yes
E0126,20,Sales,Sales Executive,5999,24,3,Yes,No
E0127,56,Human Resources,Sales Executive,5770,11,2,Yes,No
E0128,29,Research & Development,Manager,9264,7,4,No,No
E0129,20,Research & Development,Manager,8666,15,2,Yes,No
E0130,27,Research & Development,Manufacturing Director,6577,2,1,Yes,No
E0131,46,Sales,Sales Executive,7991,6,4,No,No
E0132,41,Sales,Research Scientist,8311,24,3,No,No
E0133,24,Research & Development,Manager,6628,28,2,Yes,No
E0134,30,Research & Development,Sales Executive,7386,11,3,Yes,No
E0135,27,Sales,Research Scientist,7807,22,4,No,No
E0136,46,Research & Development,Manufacturing Director,7573,31,2,No,No
E0137,55,Research & Development,Manager,4787,36,4,No,No
E0138,28,Research & Development,Manager,5009,23,4,Yes,Yes
E0139,56,Research & Development,Healthcare Representative,5865,9,4,No,No
E0140,35,Human Resources,Manufacturing Director,4945,29,1,No,No
E0141,21,Sales,Laboratory Technician,3259,6,1,Yes,No
E0142,31,Research & Development,Sales Executive,7987,5,1,Yes,No
E0143,55,Sales,Research Scientist,7262,14,3,No,Yes
E0144,52,Human Resources,Research Scientist,3553,13,2,No,No
E0145,49,Research & Development,Sales Executive,5970,5,4,Yes,Yes
E0146,35,Sales,Manager,6095,2,1,No,No
E0147,51,Sales,Laboratory Technician,6900,38,2,No,No
E0148,48,Research & Development,Manufacturing Director,4120,27,2,No,No
E0149,52,Research & Development,Research Scientist,3521,29,4,Yes,No
E0150,41,Research & Development,Healthcare Representative,7643,2,1,No,No
E0151,39,Research & Development,Sales Executive,3125,32,2,No,No
E0152,59,Research & Development,Healthcare Representative,5988,14,4,No,No
E0153,58,Research & Development,Manager,5783,30,4,No,No
E0154,41,Research & Development,Laboratory Technician,6229,20,4,No,No
E0155,26,Sales,Research Scientist,7056,9,3,No,No
E0156,35,Sales,Manager,10017,10,1,No,Yes
E0157,39,Research & Development,Research Scientist,2981,5,1,No,No
E0158,47,Research & Development,Research Scientist,8428,34,2,No,No
E0159,31,Sales,Laboratory Technician,1500,17,2,No,No
E0160,19,Research & Development,Human Resources,9566,31,3,No,No
E0161,53,Sales,Manufacturing Director,2006,33,1,No,No
E0162,58,Research & Development,Research Scientist,11860,6,3,Yes,No
E0163,21,Sales,Manufacturing Director,5643,13,2,Yes,Yes
E0164,31,Research & Development,Laboratory Technician,9339,5,1,No,No
E0165,36,Sales,Healthcare Representative,8885,0,4,No,No
E0166,50,Research & Development,Manufacturing Director,5540,40,2,No,No
E0167,51,Sales,Healthcare Representative,5709,27,1,No,No
E0168,32,Research & Development,Manufacturing Director,4658,18,2,No,No
E0169,31,Research & Development,Manufacturing Director,8232,8,4,Yes,No
E0170,35,Sales,Manufacturing Director,5568,24,4,Yes,No
E0171,28,Research & Development,Laboratory Technician,4698,22,1,Yes,Yes
E0172,36,Research & Development,Human Resources,7682,9,3,Yes,No
E0173,29,Research & Development,Research Scientist,4526,0,3,No,No
E0174,20,Research & Development,Manager,5776,19,4,No,No
E0175,48,Research & Development,Healthcare Representative,6736,20,4,Yes,No
E0176,51,Research & Development,Manufacturing Director,5087,32,3,No,Yes
E0177,30,Research & Development,Laboratory Technician,5419,16,3,No,No
E0178,35,Research & Development,Manufacturing Director,9877,3,2,No,No
E0179,35,Sales,Manager,6051,36,4,No,No
E0180,18,Research & Development,Research Scientist,5709,16,4,Yes,No
E0181,41,Sales,Healthcare Representative,6115,29,4,No,No
E0182,37,Research & Development,Manager,7500,1,4,Yes,No
E0183,58,Sales,Healthcare Representative,4225,1,3,Yes,Yes
E0184,33,Sales,Research Scientist,7440,0,4,Yes,No
E0185,52,Research & Development,Manufacturing Director,7063,32,4,No,No
E0186,34,Research & Development,Research Scientist,2565,9,1,Yes,No
E0187,25,Sales,Human Resources,10447,32,1,No,No
E0188,32,Research & Development,Laboratory Technician,9714,38,4,Yes,No
E0189,55,Research & Development,Laboratory Technician,4739,27,2,Yes,No
E0190,29,Human Resources,Human Resources,4031,40,4,No,No
E0191,54,Research & Development,Laboratory Technician,7002,38,2,No,No
E0192,46,Sales,Research Scientist,3363,29,2,Yes,No
E0193,50,Sales,Human Resources,9501,32,4,No,No
E0194,50,Research & Development,Healthcare Representative,5469,24,3,Yes,No
E0195,40,Sales,Healthcare Representative,10068,8,3,No,No
E0196,43,Human Resources,Sales Executive,4686,4,2,Yes,Yes
E0197,21,Human Resources,Manufacturing Director,6253,15,3,No,No
E0198,48,Human Resources,Manufacturing Director,9288,19,2,No,No
E0199,48,Sales,Research Scientist,5789,14,4,Yes,No
E0200,22,Research & Development,Manufacturing Director,7099,4,2,Yes,Yes
E0201,40,Research & Development,Research Scientist,8904,20,1,No,No
E0202,39,Sales,Manufacturing Director,5277,20,3,No,No
E0203,31,Sales,Manager,3724,39,4,No,No
E0204,20,Sales,Manager,3291,39,4,No,No
E0205,18,Research & Development,Research Scientist,7784,25,1,Yes,No
E0206,26,Human Resources,Research Scientist,7355,34,4,No,No
E0207,27,Research & Development,Sales Executive,8836,12,2,Yes,No
E0208,27,Sales,Laboratory Technician,5897,39,4,No,No
E0209,44,Research & Development,Sales Executive,3352,38,3,Yes,No
E0210,36,Sales,Sales Executive,1500,5,4,No,No
E0211,22,Sales,Human Resources,12810,28,2,Yes,No
E0212,21,Sales,Manager,7659,18,3,No,No
E0213,46,Research & Development,Manufacturing Director,6801,10,3,No,No
E0214,58,Research & Development,Manager,7113,16,1,No,No
E0215,53,Research & Development,Manufacturing Director,3351,37,4,No,No
E0216,50,Research & Development,Healthcare Representative,4751,37,1,No,No
E0217,31,Sales,Human Resources,10335,14,4,No,No
E0218,48,Research & Development,Sales Executive,7948,18,1,Yes,No
E0219,21,Sales,Laboratory Technician,4820,21,1,No,No
E0220,25,Research & Development,Sales Executive,3801,30,2,No,No
E0221,24,Research & Development,Manager,5365,19,1,No,No
E0222,25,Sales,Manager,5806,16,1,No,No
E0223,33,Sales,Manager,11008,37,1,No,No
E0224,19,Sales,Healthcare Representative,6086,15,2,No,No
E0225,52,Sales,Manufacturing Director,3883,10,2,No,No
E0226,48,Human Resources,Sales Executive,6371,13,1,No,No
E0227,45,Sales,Manager,7082,13,1,No,No
E0228,25,Research & Development,Human Resources,3683,22,3,No,No
E0229,55,Human Resources,Human Resources,7385,27,2,No,No
E0230,18,Research & Development,Laboratory Technician,9160,5,4,No,Yes
E0231,60,Research & Development,Research Scientist,6805,36,4,No,No
E0232,49,Human Resources,Healthcare Representative,4746,10,1,No,No
E0233,26,Sales,Sales Executive,5336,4,4,No,No
E0234,26,Sales,Sales Executive,2851,27,3,No,No
E0235,47,Research & Development,Manager,6206,8,4,No,No
E0236,52,Research & Development,Human Resources,7184,30,2,No,Yes
E0237,38,Research & Development,Laboratory Technician,4527,38,1,No,No
E0238,20,Sales,Manufacturing Director,10767,28,4,Yes,No
E0239,39,Research & Development,Manufacturing Director,8243,31,3,No,No
E0240,38,Research & Development,Sales Executive,2556,20,1,No,No
E0241,32,Human Resources,Research Scientist,2601,14,1,No,No
E0242,56,Sales,Laboratory Technician,4335,25,1,No,No
E0243,32,Sales,Manager,9961,14,2,Yes,Yes
E0244,28,Human Resources,Manufacturing Director,8460,35,2,No,No
E0245,47,Research & Development,Manager,10072,19,2,No,No
E0246,44,Sales,Research Scientist,6522,20,4,No,No
E0247,44,Sales,Human Resources,6039,27,4,No,Yes
E0248,39,Research & Development,Human Resources,3755,7,3,Yes,Yes
E0249,31,Research & Development,Manufacturing Director,7269,23,3,No,No
E0250,29,Research & Development,Research Scientist,6068,30,4,No,Yes
E0251,23,Research & Development,Human Resources,5984,31,2,No,No
E0252,25,Sales,Manager,10060,9,3,Yes,No
E0253,42,Sales,Manufacturing Director,6222,2,3,No,No
E0254,35,Research & Development,Research Scientist,9428,7,2,No,No
E0255,49,Research & Development,Healthcare Representative,3006,33,4,No,No
E0256,52,Sales,Laboratory Technician,12414,10,1,No,No
E0257,42,Research & Development,Healthcare Representative,5679,2,1,No,No
E0258,22,Sales,Manager,8056,24,2,No,No
E0259,18,Sales,Manufacturing Director,8406,36,4,No,No
E0260,27,Human Resources,Sales Executive,5406,9,2,No,No
E0261,30,Sales,Manufacturing Director,8302,1,1,No,Yes
E0262,21,Sales,Human Resources,8416,5,4,No,No
E0263,51,Research & Development,Research Scientist,4931,5,1,No,No
E0264,33,Research & Development,Human Resources,4957,8,1,No,No
E0265,49,Research & Development,Laboratory Technician,6600,7,4,No,No
E0266,26,Research & Development,Healthcare Representative,6246,26,2,No,No
E0267,18,Sales,Healthcare Representative,9565,9,1,No,No
E0268,23,Research & Development,Research Scientist,8046,22,2,Yes,No
E0269,38,Sales,Sales Executive,6345,16,3,No,No
E0270,38,Sales,Human Resources,7833,26,4,No,No
E0271,36,Research & Development,Healthcare Representative,1997,26,1,No,No
E0272,59,Sales,Healthcare Representative,5146,24,2,No,No
E0273,46,Research & Development,Laboratory Technician,7133,36,3,Yes,No
E0274,49,Human Resources,Sales Executive,8954,8,3,No,No
E0275,23,Research & Development,Research Scientist,6939,21,3,No,No
E0276,38,Research & Development,Manufacturing Director,9708,16,2,No,No
E0277,44,Sales,Healthcare Representative,8409,21,4,Yes,No
E0278,43,Research & Development,Laboratory Technician,5426,5,1,Yes,No
E0279,58,Research & Development,Research Scientist,6192,13,4,No,No
E0280,38,Research & Development,Research Scientist,7399,38,4,No,No
E0281,33,Research & Development,Human Resources,5513,32,3,No,No
E0282,58,Sales,Healthcare Representative,9869,17,2,Yes,No
E0283,32,Sales,Human Resources,4061,4,2,No,No
E0284,42,Research & Development,Sales Executive,7195,26,2,Yes,No
E0285,19,Research & Development,Manufacturing Director,8118,12,1,No,No
E0286,25,Sales,Manufacturing Director,5810,13,1,Yes,No
E0287,20,Research & Development,Laboratory Technician,5315,3,3,No,No
E0288,35,Research & Development,Laboratory Technician,6333,11,3,Yes,No
E0289,58,Research & Development,Sales Executive,8286,8,2,No,No
E0290,21,Sales,Sales Executive,5400,1,2,No,No
E0291,59,Research & Development,Manager,4148,24,1,No,No
E0292,55,Research & Development,Manufacturing Director,9031,39,4,Yes,No
E0293,18,Human Resources,Research Scientist,7378,5,4,No,No
E0294,18,Sales,Laboratory Technician,8717,2,1,No,No
E0295,56,Research & Development,Human Resources,8171,4,2,Yes,Yes
E0296,43,Research & Development,Manufacturing Director,11296,22,3,Yes,Yes
E0297,25,Research & Development,Human Resources,8953,33,1,No,No
E0298,59,Sales,Research Scientist,4907,12,1,No,No
E0299,42,Sales,Sales Executive,7535,4,4,No,No
E0300,45,Research & Development,Manufacturing Director,5274,3,1,Yes,Yes
E0301,47,Sales,Healthcare Representative,5501,24,3,No,No
E0302,26,Sales,Human Resources,3392,14,4,No,No
E0303,33,Human Resources,Manufacturing Director,5871,14,3,No,Yes
E0304,23,Sales,Research Scientist,7699,9,2,No,No
E0305,40,Human Resources,Manufacturing Director,6355,36,1,No,No
E0306,60,Research & Development,Laboratory Technician,4081,15,3,No,No
E0307,44,Research & Development,Research Scientist,3149,29,2,No,Yes
E0308,47,Sales,Sales Executive,11146,30,4,Yes,No
E0309,26,Research & Development,Manager,7215,2,3,No,No
E0310,41,Research & Development,Healthcare Representative,4687,10,1,No,No
E0311,60,Human Resources,Research Scientist,7516,36,2,No,No
E0312,21,Sales,Manufacturing Director,11316,36,3,No,No
E0313,26,Sales,Human Resources,7865,16,3,No,No
E0314,48,Human Resources,Manager,1500,6,3,Yes,No
E0315,18,Sales,Manufacturing Director,12335,12,1,No,No
E0316,26,Research & Development,Sales Executive,2432,38,1,No,Yes
E0317,58,Sales,Healthcare Representative,6047,27,1,No,No
E0318,18,Sales,Manufacturing Director,4007,3,3,No,No
E0319,36,Research & Development,Human Resources,4872,29,1,Yes,No
E0320,32,Research & Development,Manufacturing Director,7126,6,4,Yes,No
E0321,35,Research & Development,Manager,1944,12,2,Yes,No
E0322,29,Research & Development,Manufacturing Director,6301,19,2,No,No
E0323,29,Research & Development,Manufacturing Director,9024,14,1,No,No
E0324,50,Human Resources,Laboratory Technician,4645,28,2,No,No
E0325,19,Sales,Laboratory Technician,3441,6,4,No,No
E0326,23,Research & Development,Laboratory Technician,6194,35,1,No,No
E0327,29,Research & Development,Manufacturing Director,5756,24,3,No,Yes
E0328,53,Research & Development,Human Resources,5190,12,1,No,No
E0329,34,Research & Development,Laboratory Technician,3886,39,1,No,No
E0330,19,Research & Development,Manufacturing Director,7642,19,3,Yes,No
E0331,40,Research & Development,Human Resources,7810,17,3,No,No
E0332,44,Research & Development,Research Scientist,4156,0,3,No,No
E0333,37,Research & Development,Research Scientist,4460,40,1,No,No
E0334,21,Research & Development,Manufacturing Director,6800,34,1,No,No
E0335,55,Research & Development,Laboratory Technician,4377,7,2,Yes,No
E0336,54,Sales,Laboratory Technician,6893,38,1,No,No
E0337,57,Research & Development,Manager,9730,32,4,Yes,Yes
E0338,59,Sales,Manufacturing Director,6368,17,2,No,No
E0339,31,Research & Development,Laboratory Technician,3830,38,3,Yes,No
E0340,36,Research & Development,Manufacturing Director,7363,22,1,No,No
E0341,59,Sales,Human Resources,6109,28,3,No,No
E0342,37,Sales,Human Resources,6170,7,1,Yes,No
E0343,55,Research & Development,Research Scientist,7546,4,2,No,No
E0344,45,Human Resources,Sales Executive,8020,21,2,Yes,Yes
E0345,57,Sales,Sales Executive,6578,13,1,No,No
E0346,18,Sales,Manufacturing Director,6367,40,1,No,No
E0347,48,Research & Development,Healthcare Representative,11040,3,4,No,Yes
E0348,52,Human Resources,Sales Executive,9141,31,2,No,No
E0349,26,Research & Development,Manufacturing Director,8334,24,3,No,No
E0350,49,Sales,Laboratory Technician,6789,36,3,No,Yes
E0351,26,Research & Development,Human Resources,4287,40,3,No,No
E0352,56,Research & Development,Healthcare Representative,8980,35,3,No,No
E0353,57,Research & Development,Laboratory Technician,6817,15,4,No,No
E0354,18,Research & Development,Healthcare Representative,5230,28,3,Yes,No
E0355,39,Research & Development,Sales Executive,5965,6,2,Yes,No
E0356,34,Research & Development,Manufacturing Director,4374,19,2,No,No
E0357,56,Sales,Laboratory Technician,8826,11,4,No,No
E0358,31,Sales,Research Scientist,8003,10,2,Yes,No
E0359,48,Research & Development,Laboratory Technician,6900,23,3,No,No
E0360,23,Sales,Healthcare Representative,6406,5,4,No,No
E0361,27,Research & Development,Healthcare Representative,5003,23,1,No,No
E0362,60,Research & Development,Human Resources,1814,16,1,No,No
E0363,34,Research & Development,Research Scientist,3392,9,1,No,No
E0364,50,Sales,Healthcare Representative,4866,23,1,No,No
E0365,59,Sales,Manufacturing Director,4535,30,3,Yes,No
E0366,59,Research & Development,Human Resources,7137,25,3,Yes,No
E0367,18,Research & Development,Human Resources,8285,3,2,Yes,No
E0368,28,Sales,Healthcare Representative,6217,23,1,No,No
E0369,48,Research & Development,Laboratory Technician,9600,25,3,No,Yes
E0370,57,Sales,Manufacturing Director,4778,28,1,No,No
E0371,60,Sales,Healthcare Representative,6202,17,3,Yes,No
E0372,48,Research & Development,Manager,6388,3,4,No,No
E0373,22,Research & Development,Research Scientist,8903,5,2,No,No
E0374,49,Research & Development,Human Resources,6733,13,2,No,No
E0375,29,Research & Development,Manager,6794,26,3,No,No
E0376,52,Human Resources,Sales Executive,2859,30,1,No,No
E0377,41,Sales,Research Scientist,4520,27,3,No,No
E0378,25,Research & Development,Research Scientist,8911,12,2,No,No
E0379,54,Sales,Healthcare Representative,1934,18,2,Yes,No
E0380,60,Research & Development,Research Scientist,9455,1,1,No,Yes
E0381,39,Research & Development,Laboratory Technician,7599,32,4,No,No
E0382,52,Research & Development,Research Scientist,4855,14,2,No,No
E0383,20,Sales,Sales Executive,4669,20,1,No,No
E0384,29,Research & Development,Manufacturing Director,10671,18,4,Yes,No
E0385,23,Research & Development,Laboratory Technician,9605,11,4,No,No
E0386,30,Research & Development,Manufacturing Director,6237,6,3,No,No
E0387,34,Research & Development,Research Scientist,6796,39,1,No,No
E0388,36,Research & Development,Laboratory Technician,5078,4,4,No,No
E0389,31,Research & Development,Human Resources,6797,38,1,No,No
E0390,41,Research & Development,Manager,5017,4,1,No,No
E0391,27,Research & Development,Research Scientist,6327,3,3,No,No
E0392,32,Research & Development,Research Scientist,10483,37,2,No,No
E0393,54,Research & Development,Human Resources,6290,38,1,No,No
E0394,42,Research & Development,Healthcare Representative,4194,36,3,Yes,No
E0395,19,Research & Development,Manufacturing Director,3494,31,2,No,No
E0396,32,Research & Development,Healthcare Representative,6780,20,4,No,No
E0397,53,Research & Development,Research Scientist,4826,4,1,No,No
E0398,25,Research & Development,Laboratory Technician,7043,24,4,No,No
E0399,57,Research & Development,Laboratory Technician,2937,21,3,No,Yes
E0400,30,Research & Development,Manager,8019,30,1,No,No
E0401,45,Research & Development,Research Scientist,4168,1,3,Yes,No
E0402,38,Human Resources,Manufacturing Director,6602,3,4,No,No
E0403,44,Sales,Manager,5756,24,1,Yes,No
E0404,52,Sales,Research Scientist,10280,35,4,No,No
E0405,24,Sales,Sales Executive,6877,38,2,No,No
E0406,33,Research & Development,Manager,10780,23,4,Yes,No
E0407,42,Research & Development,Human Resources,7734,15,1,No,No
E0408,29,Research & Development,Manufacturing Director,9636,19,3,No,No
E0409,34,Sales,Sales Executive,6041,20,4,No,No
E0410,56,Research & Development,Manufacturing Director,7260,25,2,No,No
E0411,27,Research & Development,Laboratory Technician,9181,9,1,No,No
E0412,26,Research & Development,Healthcare Representative,8491,15,2,No,Yes
E0413,43,Sales,Sales Executive,7668,22,3,No,No
E0414,22,Sales,Manager,5779,34,3,No,No
E0415,18,Sales,Healthcare Representative,6151,32,2,No,No
E0416,55,Research & Development,Healthcare Representative,9003,30,4,No,No
E0417,29,Research & Development,Manufacturing Director,9461,8,3,No,No
E0418,23,Sales,Research Scientist,5196,16,3,No,No
E0419,46,Research & Development,Human Resources,4864,22,4,No,No
E0420,38,Sales,Research Scientist,4511,39,4,No,No
E0421,37,Research & Development,Laboratory Technician,8325,14,2,No,No
E0422,36,Sales,Human Resources,4455,37,2,No,No
E0423,24,Sales,Sales Executive,8299,30,3,No,No
E0424,54,Sales,Sales Executive,7701,25,3,No,Yes
E0425,18,Research & Development,Manager,5301,28,2,No,No
E0426,38,Human Resources,Laboratory Technician,9940,32,3,No,No
E0427,29,Research & Development,Healthcare Representative,3283,28,3,No,No
E0428,45,Sales,Healthcare Representative,10151,27,4,No,No
E0429,41,Human Resources,Manager,7202,15,2,No,No
E0430,34,Human Resources,Healthcare Representative,1938,17,4,No,No
E0431,40,Research & Development,Laboratory Technician,10002,24,1,No,No
E0432,27,Sales,Manufacturing Director,8639,34,4,No,No
E0433,23,Research & Development,Manager,5558,26,1,Yes,Yes
E0434,56,Human Resources,Laboratory Technician,4378,40,4,Yes,Yes
E0435,44,Research & Development,Research Scientist,3048,27,1,No,No
E0436,46,Research & Development,Manufacturing Director,11814,16,4,No,No
E0437,60,Research & Development,Human Resources,4469,23,4,Yes,No
E0438,56,Human Resources,Sales Executive,3720,25,4,No,Yes
E0439,43,Sales,Research Scientist,7089,35,4,No,No
E0440,52,Sales,Human Resources,2897,10,2,No,No
E0441,40,Research & Development,Manager,4341,10,1,No,Yes
E0442,28,Sales,Sales Executive,8689,8,4,No,No
E0443,44,Research & Development,Research Scientist,7521,2,3,No,No
E0444,57,Sales,Healthcare Representative,5650,27,4,No,No
E0445,55,Sales,Manager,6540,39,3,No,No
E0446,39,Sales,Manager,5527,25,3,Yes,No
E0447,58,Research & Development,Human Resources,6364,2,2,No,No
E0448,26,Research & Development,Manufacturing Director,4824,14,2,No,No
E0449,19,Research & Development,Human Resources,5223,37,2,Yes,Yes
E0450,35,Sales,Healthcare Representative,5157,2,3,No,No
E0451,26,Human Resources,Manufacturing Director,4903,25,3,Yes,No
E0452,59,Research & Development,Healthcare Representative,8797,18,1,No,No
E0453,22,Human Resources,Manufacturing Director,8194,37,1,No,No
E0454,40,Research & Development,Healthcare Representative,4449,21,1,No,No
E0455,51,Sales,Manager,3872,23,3,No,No
E0456,22,Research & Development,Human Resources,6154,29,3,No,No
E0457,19,Research & Development,Healthcare Representative,11242,33,1,No,No
E0458,41,Sales,Sales Executive,4239,21,3,Yes,No
E0459,56,Research & Development,Healthcare Representative,6145,29,1,No,No
E0460,18,Research & Development,Research Scientist,6695,33,4,No,No
E0461,18,Sales,Research Scientist,6261,21,3,No,No
E0462,57,Research & Development,Human Resources,5492,29,3,Yes,Yes
E0463,43,Sales,Manufacturing Director,9041,14,3,No,No
E0464,48,Sales,Manager,7500,14,2,Yes,No
E0465,29,Research & Development,Laboratory Technician,8361,0,4,No,No
E0466,31,Research & Development,Healthcare Representative,7797,27,3,Yes,No
E0467,38,Research & Development,Healthcare Representative,8467,10,1,No,No
E0468,27,Research & Development,Human Resources,9986,33,4,No,No
E0469,37,Human Resources,Research Scientist,9428,39,3,No,No
E0470,59,Research & Development,Manufacturing Director,11615,35,2,No,No
E0471,50,Research & Development,Laboratory Technician,9178,11,4,Yes,No
E0472,55,Sales,Manufacturing Director,5027,26,1,No,No
E0473,39,Research & Development,Manager,8364,30,3,No,No
E0474,51,Research & Development,Sales Executive,8063,20,3,No,No
E0475,36,Research & Development,Manufacturing Director,10725,20,4,No,No
E0476,44,Research & Development,Laboratory Technician,4372,17,3,Yes,No
E0477,49,Sales,Human Resources,7727,12,4,No,No
E0478,53,Research & Development,Research Scientist,5002,23,2,No,No
E0479,57,Research & Development,Research Scientist,7628,40,4,Yes,No
E0480,22,Research & Development,Sales Executive,6028,8,1,No,No
E0481,52,Research & Development,Manufacturing Director,7555,1,4,Yes,No
E0482,48,Research & Development,Sales Executive,3397,2,4,No,No
E0483,49,Research & Development,Manufacturing Director,8245,23,3,No,No
E0484,18,Research & Development,Research Scientist,6953,11,1,No,No
E0485,38,Research & Development,Laboratory Technician,6835,18,2,Yes,No
E0486,59,Sales,Healthcare Representative,10791,38,1,Yes,No
E0487,56,Sales,Healthcare Representative,5659,3,4,No,No
E0488,27,Research & Development,Sales Executive,7253,7,2,Yes,No
E0489,38,Research & Development,Research Scientist,6721,8,4,No,Yes
E0490,55,Sales,Laboratory Technician,6936,18,4,No,No
E0491,58,Sales,Manufacturing Director,11388,28,1,No,No
E0492,32,Research & Development,Human Resources,6640,7,4,No,No
E0493,52,Research & Development,Sales Executive,5252,4,2,Yes,No
E0494,53,Research & Development,Sales Executive,10616,3,1,Yes,No
E0495,24,Research & Development,Healthcare Representative,5823,32,2,No,No
E0496,19,Research & Development,Human Resources,2969,1,3,No,No
E0497,20,Research & Development,Manager,4870,25,4,No,No
E0498,24,Research & Development,Manufacturing Director,3758,23,3,No,Yes
E0499,49,Sales,Sales Executive,2540,4,1,No,No
E0500,34,Research & Development,Healthcare Representative,5701,22,2,No,Yes
E0501,47,Sales,Manufacturing Director,6346,11,2,No,No
E0502,21,Sales,Manufacturing Director,9097,21,3,No,No
E0503,43,Sales,Manufacturing Director,7885,5,3,No,No
E0504,50,Sales,Manufacturing Director,7784,27,1,No,No
E0505,59,Research & Development,Manager,4535,32,1,No,Yes
E0506,31,Research & Development,Research Scientist,8447,0,1,No,No
E0507,41,Human Resources,Sales Executive,9561,21,4,No,No
E0508,38,Research & Development,Sales Executive,7368,26,3,No,No
E0509,32,Research & Development,Laboratory Technician,7430,0,2,No,No
E0510,45,Sales,Manufacturing Director,3718,29,4,No,Yes
E0511,42,Research & Development,Manager,8820,22,1,Yes,No
E0512,53,Research & Development,Manufacturing Director,10418,12,1,No,No
E0513,19,Human Resources,Manufacturing Director,7210,19,2,No,No
E0514,27,Human Resources,Human Resources,5192,27,1,No,No
E0515,42,Sales,Manager,6144,26,4,No,No
E0516,42,Research & Development,Healthcare Representative,5575,31,4,No,No
E0517,56,Research & Development,Laboratory Technician,5707,1,3,No,No
E0518,47,Research & Development,Research Scientist,7926,32,4,No,No
E0519,18,Sales,Human Resources,7115,1,2,No,No
E0520,39,Research & Development,Manufacturing Director,8709,26,1,No,No
E0521,54,Research & Development,Sales Executive,7316,14,2,No,No
E0522,55,Research & Development,Manufacturing Director,4599,2,1,Yes,Yes
E0523,52,Research & Development,Sales Executive,5398,28,4,No,No
E0524,38,Sales,Human Resources,5262,22,3,No,No
E0525,22,Human Resources,Manufacturing Director,6090,27,4,No,No
E0526,27,Sales,Manager,10448,15,2,No,No
E0527,54,Sales,Manufacturing Director,10801,11,3,No,Yes
E0528,32,Sales,Sales Executive,8341,25,2,No,Yes
E0529,50,Research & Development,Healthcare Representative,6761,8,2,No,No
E0530,19,Research & Development,Healthcare Representative,3504,33,3,No,No
E0531,39,Sales,Research Scientist,6984,28,4,No,No
E0532,58,Sales,Manager,4762,40,3,No,No
E0533,28,Research & Development,Research Scientist,10087,1,3,No,Yes
E0534,19,Research & Development,Healthcare Representative,2967,24,3,No,Yes
E0535,30,Sales,Manager,7346,22,2,Yes,Yes
E0536,20,Human Resources,Sales Executive,4577,35,4,No,No
E0537,44,Sales,Laboratory Technician,6479,17,4,No,No
E0538,26,Research & Development,Research Scientist,7965,38,2,No,No
E0539,28,Sales,Manager,8748,9,4,Yes,No
E0540,43,Research & Development,Research Scientist,6366,35,2,No,No
E0541,31,Research & Development,Healthcare Representative,8175,21,3,No,No
E0542,45,Research & Development,Laboratory Technician,5043,38,3,No,No
E0543,58,Research & Development,Sales Executive,7040,8,4,No,No
E0544,58,Human Resources,Human Resources,8705,10,4,No,No
E0545,49,Research & Development,Healthcare Representative,7231,23,2,Yes,No
E0546,59,Research & Development,Research Scientist,5335,22,3,No,No
E0547,49,Research & Development,Human Resources,5886,6,3,No,No
E0548,20,Research & Development,Healthcare Representative,8734,26,4,Yes,No
E0549,59,Sales,Manager,4098,16,1,Yes,No
E0550,42,Sales,Research Scientist,4423,6,3,Yes,No
E0551,18,Sales,Sales Executive,7823,20,3,Yes,No
E0552,44,Research & Development,Sales Executive,5534,28,2,No,No
E0553,28,Sales,Manufacturing Director,3303,1,2,No,No
E0554,40,Sales,Manager,9472,37,3,No,No
E0555,46,Research & Development,Human Resources,4081,25,2,No,No
E0556,19,Sales,Human Resources,6061,10,1,No,No
E0557,36,Sales,Healthcare Representative,5137,30,4,No,No
E0558,20,Research & Development,Healthcare Representative,5845,34,2,No,No
E0559,22,Sales,Laboratory Technician,4554,39,1,No,No
E0560,27,Human Resources,Sales Executive,8071,32,1,No,No
E0561,51,Sales,Research Scientist,6744,8,4,No,No
E0562,35,Research & Development,Sales Executive,8664,6,2,No,No
E0563,20,Research & Development,Healthcare Representative,5160,8,2,No,No
E0564,50,Sales,Manufacturing Director,11193,35,2,No,No
E0565,41,Sales,Manager,2310,12,1,No,No
E0566,24,Research & Development,Research Scientist,3013,13,3,Yes,No
E0567,42,Research & Development,Human Resources,10357,36,1,No,No
E0568,28,Sales,Manager,7543,8,4,No,No
E0569,45,Human Resources,Human Resources,7251,16,2,No,No
E0570,58,Research & Development,Healthcare Representative,7449,12,1,No,No
E0571,31,Human Resources,Laboratory Technician,7757,12,2,Yes,No
E0572,50,Sales,Healthcare Representative,7159,24,1,No,No
E0573,19,Sales,Healthcare Representative,4375,30,2,No,Yes
E0574,35,Research & Development,Research Scientist,8300,10,1,No,Yes
E0575,56,Sales,Sales Executive,7953,1,3,No,No
E0576,21,Sales,Healthcare Representative,9643,26,4,Yes,No
E0577,57,Sales,Sales Executive,10381,22,2,Yes,Yes
E0578,22,Sales,Sales Executive,7227,27,1,No,No
E0579,38,Research & Development,Sales Executive,3799,18,1,Yes,Yes
E0580,25,Sales,Healthcare Representative,10400,31,4,No,No
E0581,18,Human Resources,Human Resources,4260,25,2,No,No
E0582,33,Sales,Manufacturing Director,7244,31,2,No,No
E0583,42,Research & Development,Research Scientist,5935,29,1,No,No
E0584,49,Research & Development,Manufacturing Director,5553,20,3,Yes,Yes
E0585,31,Research & Development,Manufacturing Director,8181,13,1,No,No
E0586,39,Research & Development,Healthcare Representative,7038,23,4,No,No
E0587,25,Research & Development,Manufacturing Director,7629,26,1,Yes,No
E0588,49,Sales,Manufacturing Director,4705,23,1,No,No
E0589,25,Research & Development,Laboratory Technician,6117,21,3,No,No
E0590,55,Research & Development,Human Resources,4807,14,2,Yes,No
E0591,25,Sales,Manufacturing Director,6062,5,3,Yes,No
E0592,46,Research & Development,Laboratory Technician,6239,17,1,No,No
E0593,32,Sales,Sales Executive,10557,36,4,No,No
E0594,60,Research & Development,Healthcare Representative,5929,29,2,No,No
E0595,30,Research & Development,Laboratory Technician,1824,30,4,No,No
E0596,58,Research & Development,Research Scientist,9569,30,4,No,No
E0597,53,Research & Development,Manufacturing Director,7488,37,3,Yes,Yes
E0598,38,Research & Development,Manufacturing Director,6212,9,2,No,No
E0599,39,Human Resources,Manager,5538,29,2,No,No
E0600,33,Research & Development,Manufacturing Director,4417,2,3,No,No
E0601,36,Research & Development,Healthcare Representative,10764,10,1,No,No
E0602,38,Research & Development,Healthcare Representative,6614,1,1,No,Yes
E0603,24,Research & Development,Manager,2677,17,3,Yes,No
E0604,31,Research & Development,Sales Executive,7221,5,1,No,No
E0605,55,Sales,Laboratory Technician,9154,15,2,Yes,No
E0606,60,Human Resources,Manager,6844,5,3,No,No
E0607,20,Research & Development,Sales Executive,4516,1,2,Yes,Yes
E0608,49,Research & Development,Manufacturing Director,4320,19,4,No,No
E0609,28,Research & Development,Laboratory Technician,4482,16,4,Yes,No
E0610,46,Research & Development,Manager,9848,17,1,No,No
E0611,44,Research & Development,Human Resources,6342,14,1,No,No
E0612,55,Research & Development,Sales Executive,2807,16,4,No,No
E0613,48,Sales,Research Scientist,7345,0,1,No,No
E0614,53,Research & Development,Manager,6810,19,2,No,No
E0615,52,Research & Development,Research Scientist,5512,34,4,No,No
E0616,45,Research & Development,Manufacturing Director,4255,5,3,No,No
E0617,35,Research & Development,Human Resources,4159,5,2,No,No
E0618,32,Sales,Human Resources,8891,31,1,No,No
E0619,32,Research & Development,Human Resources,7045,20,2,No,No
E0620,33,Research & Development,Sales Executive,7553,10,3,No,No
E0621,30,Research & Development,Research Scientist,7038,32,1,No,No
E0622,31,Research & Development,Research Scientist,7221,13,3,No,No
E0623,42,Research & Development,Manager,5470,24,2,No,No
E0624,29,Research & Development,Research Scientist,6047,22,2,No,No
E0625,32,Sales,Manufacturing Director,9063,6,4,No,No
E0626,48,Sales,Manager,9612,30,4,No,No
E0627,32,Research & Development,Manufacturing Director,3811,25,3,No,No
E0628,22,Sales,Human Resources,6042,8,3,Yes,No
E0629,18,Sales,Manufacturing Director,8346,31,2,No,No
E0630,50,Sales,Laboratory Technician,10641,25,1,No,No
E0631,58,Sales,Human Resources,10420,35,2,Yes,No
E0632,47,Human Resources,Manufacturing Director,4749,33,1,No,No
E0633,20,Sales,Research Scientist,9305,13,2,No,Yes
E0634,42,Sales,Healthcare Representative,6629,38,2,No,No
E0635,29,Human Resources,Manager,8798,1,3,No,No
E0636,31,Human Resources,Manager,8234,13,2,No,Yes
E0637,57,Sales,Sales Executive,3719,24,2,No,No
E0638,53,Research & Development,Sales Executive,7710,21,3,No,No
E0639,49,Sales,Healthcare Representative,8713,9,1,No,No
E0640,39,Research & Development,Manager,6456,8,1,Yes,No
E0641,42,Sales,Healthcare Representative,5958,32,3,No,No
E0642,57,Research & Development,Laboratory Technician,3042,35,3,No,No
E0643,46,Sales,Manager,8004,27,4,Yes,No
E0644,42,Research & Development,Healthcare Representative,6959,21,3,No,No
E0645,22,Sales,Human Resources,4471,31,4,No,No
E0646,60,Research & Development,Laboratory Technician,5783,9,3,No,No
E0647,52,Research & Development,Manager,6840,39,4,No,No
E0648,33,Sales,Research Scientist,5271,5,1,No,No
E0649,28,Research & Development,Manager,6506,23,3,No,No
E0650,59,Research & Development,Manager,2650,13,4,No,No
E0651,59,Sales,Research Scientist,9469,37,4,No,No
E0652,36,Sales,Sales Executive,6535,10,2,No,No
E0653,27,Research & Development,Human Resources,4081,26,4,No,No
E0654,52,Sales,Sales Executive,1500,6,2,Yes,No
E0655,44,Research & Development,Manufacturing Director,8764,7,1,No,No
E0656,56,Research & Development,Sales Executive,7728,17,4,No,No
E0657,41,Research & Development,Laboratory Technician,6964,32,2,No,No
E0658,41,Research & Development,Manager,8400,11,1,No,No
E0659,24,Research & Development,Manufacturing Director,8394,28,1,No,No
E0660,43,Sales,Research Scientist,6928,23,1,No,Yes
E0661,33,Research & Development,Laboratory Technician,5941,40,4,Yes,Yes
E0662,26,Research & Development,Sales Executive,5582,12,4,No,No
E0663,51,Sales,Healthcare Representative,7426,9,4,No,No
E0664,32,Research & Development,Sales Executive,9573,37,1,Yes,No
E0665,27,Human Resources,Laboratory Technician,6274,13,4,No,No
E0666,59,Research & Development,Sales Executive,9748,8,3,No,No
E0667,59,Human Resources,Research Scientist,7321,33,2,No,No
E0668,39,Sales,Sales Executive,7338,33,3,No,No
E0669,30,Research & Development,Human Resources,11791,2,4,Yes,No
E0670,24,Sales,Manager,10136,35,2,No,No
E0671,44,Sales,Human Resources,10193,25,1,No,No
E0672,44,Human Resources,Healthcare Representative,4745,11,4,No,No
E0673,44,Sales,Manufacturing Director,11323,21,1,No,No
E0674,51,Human Resources,Research Scientist,6319,9,1,No,No
E0675,38,Research & Development,Human Resources,6000,6,3,Yes,No
E0676,47,Human Resources,Human Resources,1750,5,4,No,No
E0677,46,Human Resources,Laboratory Technician,7218,6,4,No,No
E0678,52,Research & Development,Research Scientist,4117,23,4,No,No
E0679,49,Human Resources,Laboratory Technician,7398,33,4,No,No
E0680,19,Research & Development,Laboratory Technician,3945,19,1,Yes,No
E0681,44,Research & Development,Human Resources,10455,0,2,No,No
E0682,59,Research & Development,Sales Executive,7713,17,3,No,No
E0683,42,Sales,Healthcare Representative,11516,30,2,No,No
E0684,40,Sales,Manager,4249,34,3,No,No
E0685,44,Sales,Manager,9908,30,2,No,No
E0686,42,Research & Development,Research Scientist,2534,15,2,Yes,No
E0687,35,Sales,Laboratory Technician,6958,26,1,No,No
E0688,60,Research & Development,Laboratory Technician,5110,2,3,No,Yes
E0689,21,Research & Development,Laboratory Technician,5514,16,4,No,Yes
E0690,53,Research & Development,Sales Executive,5364,22,4,No,No
E0691,24,Research & Development,Sales Executive,4488,1,2,No,No
E0692,26,Human Resources,Sales Executive,3729,0,3,No,No
E0693,44,Research & Development,Human Resources,5527,32,1,No,Yes
E0694,45,Research & Development,Laboratory Technician,6755,9,3,No,No
E0695,57,Sales,Research Scientist,9060,5,2,Yes,No
E0696,30,Human Resources,Manager,7150,24,4,No,No
E0697,19,Sales,Manufacturing Director,9066,11,3,No,No
E0698,28,Sales,Laboratory Technician,3248,40,1,Yes,No
E0699,41,Sales,Sales Executive,5547,38,4,Yes,No
E0700,33,Research & Development,Laboratory Technician,8064,33,3,No,No
E0701,28,Research & Development,Healthcare Representative,7255,12,1,No,No
E0702,57,Sales,Healthcare Representative,4605,35,2,Yes,No
E0703,42,Research & Development,Laboratory Technician,8555,10,1,Yes,Yes
E0704,46,Sales,Healthcare Representative,5331,9,2,No,No
E0705,50,Sales,Manager,4790,39,4,No,No
E0706,35,Research & Development,Human Resources,7571,27,4,No,Yes
E0707,49,Research & Development,Manufacturing Director,6514,3,3,No,Yes
E0708,59,Research & Development,Research Scientist,5350,36,2,No,No
E0709,49,Sales,Sales Executive,5275,6,2,Yes,Yes
E0710,30,Sales,Research Scientist,4146,27,4,No,No
E0711,51,Sales,Sales Executive,5629,17,1,No,No
E0712,28,Research & Development,Manufacturing Director,8920,0,4,No,No
E0713,21,Human Resources,Research Scientist,7038,32,4,No,No
E0714,37,Research & Development,Research Scientist,8609,28,4,No,No
E0715,39,Research & Development,Manager,7635,36,3,No,Yes
E0716,38,Human Resources,Laboratory Technician,5153,25,4,Yes,Yes
E0717,29,Sales,Manager,2872,30,1,No,No
E0718,29,Sales,Sales Executive,4461,37,4,No,No
E0719,57,Research & Development,Laboratory Technician,5023,40,1,No,No
E0720,30,Sales,Sales Executive,4853,22,1,No,No
E0721,51,Research & Development,Manufacturing Director,8658,0,1,Yes,Yes
E0722,29,Research & Development,Sales Executive,8635,14,3,No,No
E0723,22,Sales,Research Scientist,11366,25,1,Yes,Yes
E0724,20,Research & Development,Manager,4820,4,3,Yes,No
E0725,28,Research & Development,Human Resources,10014,4,1,No,No
E0726,54,Sales,Manufacturing Director,10001,16,3,No,No
E0727,37,Research & Development,Human Resources,5989,37,1,No,No
E0728,47,Research & Development,Manager,7542,13,3,No,No
E0729,59,Sales,Manager,9230,38,1,Yes,No
E0730,20,Sales,Human Resources,6370,32,4,Yes,No
E0731,22,Sales,Sales Executive,6200,12,2,Yes,No
E0732,57,Sales,Research Scientist,5120,9,3,No,No
E0733,42,Sales,Manufacturing Director,1500,33,2,Yes,No
E0734,44,Sales,Healthcare Representative,6655,30,3,No,Yes
E0735,32,Research & Development,Human Resources,4938,25,2,No,No
E0736,53,Research & Development,Sales Executive,4134,40,1,No,No
E0737,45,Research & Development,Research Scientist,7429,4,4,No,Yes
E0738,29,Research & Development,Laboratory Technician,3307,15,3,Yes,No
E0739,45,Research & Development,Healthcare Representative,8273,24,2,No,No
E0740,18,Research & Development,Human Resources,7564,2,1,No,No
E0741,28,Research & Development,Human Resources,5620,40,4,Yes,Yes
E0742,26,Research & Development,Manager,6361,23,2,No,Yes
E0743,51,Research & Development,Manager,3882,12,4,Yes,Yes
E0744,49,Research & Development,Laboratory Technician,8151,9,4,No,No
E0745,21,Research & Development,Healthcare Representative,6912,0,4,No,No
E0746,56,Sales,Research Scientist,7076,24,3,Yes,No
E0747,53,Sales,Manufacturing Director,7604,40,1,No,No
E0748,36,Research & Development,Laboratory Technician,5087,1,1,No,No
E0749,27,Sales,Human Resources,3158,16,1,No,No
E0750,36,Sales,Laboratory Technician,8606,27,2,No,No
E0751,43,Sales,Laboratory Technician,8015,17,3,No,No
E0752,45,Sales,Laboratory Technician,5322,26,4,Yes,No
E0753,32,Human Resources,Human Resources,7400,29,1,Yes,No
E0754,22,Research & Development,Human Resources,9268,39,3,No,No
E0755,44,Sales,Manufacturing Director,9005,24,1,No,No
E0756,48,Research & Development,Human Resources,5258,29,2,No,No
E0757,29,Sales,Manager,3225,12,1,No,No
E0758,45,Research & Development,Manager,3602,6,2,No,No
E0759,42,Research & Development,Human Resources,5814,4,3,No,Yes
E0760,39,Sales,Laboratory Technician,9717,4,3,No,No
E0761,18,Research & Development,Manufacturing Director,4897,33,4,No,No
E0762,31,Sales,Research Scientist,5188,1,3,No,No
E0763,34,Research & Development,Laboratory Technician,5143,19,2,No,No
E0764,53,Human Resources,Manufacturing Director,5330,25,4,No,No
E0765,53,Human Resources,Sales Executive,6475,27,4,No,No
E0766,55,Sales,Research Scientist,3684,2,4,No,Yes
E0767,37,Research & Development,Manager,8886,35,4,Yes,No
E0768,32,Research & Development,Research Scientist,6181,17,4,No,No
E0769,39,Research & Development,Healthcare Representative,11954,0,1,No,No
E0770,52,Sales,Manager,3918,5,3,No,No
E0771,44,Research & Development,Research Scientist,9998,35,2,Yes,No
E0772,43,Sales,Manufacturing Director,9561,38,2,No,No
E0773,36,Sales,Human Resources,5594,30,1,No,No
E0774,47,Research & Development,Manager,5631,13,1,No,No
E0775,55,Research & Development,Human Resources,4473,38,4,Yes,Yes
E0776,46,Sales,Healthcare Representative,4498,11,4,No,No
E0777,35,Research & Development,Human Resources,6499,9,3,Yes,Yes
E0778,54,Research & Development,Laboratory Technician,6546,31,1,No,No
E0779,58,Human Resources,Healthcare Representative,2975,13,3,No,No
E0780,52,Research & Development,Healthcare Representative,11546,21,1,No,No
E0781,55,Research & Development,Human Resources,5929,27,3,No,No
E0782,29,Research & Development,Laboratory Technician,6644,6,1,No,No
E0783,36,Sales,Human Resources,5122,37,2,No,No
E0784,28,Sales,Manufacturing Director,5913,6,1,No,No
E0785,33,Human Resources,Sales Executive,5713,40,4,No,No
E0786,49,Sales,Healthcare Representative,6494,11,3,Yes,No
E0787,47,Research & Development,Human Resources,6468,17,4,No,No
E0788,18,Research & Development,Manufacturing Director,8271,10,1,Yes,No
E0789,50,Sales,Manufacturing Director,7000,22,3,No,Yes
E0790,26,Sales,Human Resources,8049,0,2,No,No
E0791,25,Research & Development,Human Resources,6478,6,2,No,No
E0792,41,Research & Development,Laboratory Technician,7009,21,4,No,No
E0793,28,Research & Development,Manager,5969,28,1,Yes,No
E0794,59,Sales,Healthcare Representative,8707,39,4,No,No
E0795,24,Research & Development,Healthcare Representative,7210,34,1,No,No
E0796,24,Sales,Manager,6152,37,2,Yes,No
E0797,50,Research & Development,Laboratory Technician,6087,32,1,No,No
E0798,30,Sales,Laboratory Technician,6260,31,3,No,No
E0799,48,Sales,Sales Executive,6567,14,3,No,Yes
E0800,47,Research & Development,Manager,6376,37,3,Yes,No
E0801,26,Sales,Research Scientist,5271,39,4,Yes,No
E0802,42,Research & Development,Healthcare Representative,8183,21,4,No,No
E0803,41,Sales,Healthcare Representative,8322,4,4,No,No
E0804,22,Sales,Healthcare Representative,10424,1,2,No,No
E0805,50,Sales,Human Resources,5172,20,1,Yes,No
E0806,54,Research & Development,Human Resources,7966,26,1,No,No
E0807,58,Research & Development,Sales Executive,2300,22,2,No,No
E0808,21,Sales,Manager,8324,36,3,No,Yes
E0809,25,Research & Development,Research Scientist,3296,21,1,No,No
E0810,53,Research & Development,Healthcare Representative,4334,27,4,No,No
E0811,31,Research & Development,Healthcare Representative,7231,31,4,No,No
E0812,44,Human Resources,Sales Executive,5133,36,1,No,No
E0813,32,Research & Development,Research Scientist,4832,24,4,No,No
E0814,27,Research & Development,Human Resources,5433,22,3,No,No
E0815,44,Research & Development,Sales Executive,8105,3,2,No,No
E0816,26,Human Resources,Research Scientist,4448,26,3,No,No
E0817,23,Research & Development,Sales Executive,6381,7,3,Yes,No
E0818,40,Sales,Research Scientist,5667,15,2,No,No
E0819,26,Human Resources,Healthcare Representative,8304,21,3,Yes,Yes
E0820,26,Human Resources,Manager,8365,3,1,Yes,Yes
E0821,51,Research & Development,Healthcare Representative,2462,28,2,No,No
E0822,40,Research & Development,Research Scientist,8799,11,4,Yes,No
E0823,41,Research & Development,Human Resources,5156,21,1,Yes,Yes
E0824,24,Research & Development,Laboratory Technician,7020,14,3,Yes,No
E0825,24,Research & Development,Laboratory Technician,4434,14,2,Yes,Yes
E0826,34,Research & Development,Manufacturing Director,7316,16,2,No,No
E0827,34,Sales,Sales Executive,12113,2,1,No,Yes
E0828,37,Research & Development,Laboratory Technician,6780,8,3,No,No
E0829,23,Sales,Manager,5488,32,3,No,No
E0830,56,Research & Development,Healthcare Representative,5989,4,3,No,No
E0831,33,Sales,Human Resources,3268,20,2,No,No
E0832,53,Research & Development,Manager,9688,5,3,No,No
E0833,35,Research & Development,Laboratory Technician,7188,22,3,No,Yes
E0834,38,Research & Development,Manager,4192,26,3,No,No
E0835,22,Sales,Human Resources,4264,19,3,No,No
E0836,47,Human Resources,Healthcare Representative,6534,31,2,Yes,No
E0837,20,Sales,Manager,8550,10,3,No,No
E0838,50,Research & Development,Manufacturing Director,3968,22,3,No,No
E0839,55,Sales,Human Resources,8950,11,4,No,No
E0840,33,Research & Development,Research Scientist,6298,20,2,Yes,No
E0841,56,Research & Development,Laboratory Technician,4453,2,2,No,No
E0842,48,Research & Development,Research Scientist,5471,11,3,No,No
E0843,18,Research & Development,Sales Executive,10347,29,3,Yes,No
E0844,26,Sales,Healthcare Representative,3446,31,2,No,No
E0845,45,Research & Development,Sales Executive,4890,11,1,No,No
E0846,48,Sales,Research Scientist,8596,10,3,Yes,Yes
E0847,22,Research & Development,Manager,6976,12,3,No,No
E0848,47,Research & Development,Research Scientist,4759,11,4,Yes,No
E0849,52,Research & Development,Human Resources,8623,40,3,No,No
E0850,21,Sales,Sales Executive,8727,26,3,Yes,No
E0851,55,Research & Development,Manufacturing Director,7229,15,1,Yes,No
E0852,40,Research & Development,Sales Executive,5153,18,2,No,No
E0853,44,Sales,Sales Executive,5492,20,1,No,No
E0854,20,Research & Development,Manager,7126,22,3,Yes,Yes
E0855,44,Sales,Sales Executive,3614,15,3,No,No
E0856,37,Sales,Human Resources,9421,39,4,No,No
E0857,33,Research & Development,Healthcare Representative,10240,11,3,No,No
E0858,51,Sales,Manufacturing Director,5981,17,4,No,No
E0859,28,Sales,Human Resources,7283,0,3,No,No
E0860,20,Research & Development,Laboratory Technician,9109,20,4,No,No
E0861,39,Research & Development,Laboratory Technician,10802,35,2,No,No
E0862,49,Sales,Laboratory Technician,9925,40,3,No,Yes
E0863,23,Sales,Healthcare Representative,2682,19,3,Yes,No
E0864,60,Research & Development,Manager,5806,5,3,Yes,No
E0865,46,Research & Development,Manufacturing Director,7602,29,3,No,No
E0866,58,Research & Development,Research Scientist,5413,26,4,No,Yes
E0867,38,Research & Development,Human Resources,10422,39,1,No,No
E0868,23,Research & Development,Healthcare Representative,10085,20,2,No,No
E0869,25,Human Resources,Manager,4705,0,3,No,No
E0870,39,Research & Development,Manufacturing Director,6143,36,3,No,No
E0871,43,Sales,Research Scientist,4851,27,3,No,No
E0872,49,Sales,Human Resources,6071,32,1,No,No
E0873,52,Sales,Healthcare Representative,6004,4,4,Yes,No
E0874,50,Research & Development,Laboratory Technician,8599,18,3,Yes,No
E0875,43,Research & Development,Manager,4545,18,2,No,No
E0876,18,Research & Development,Sales Executive,1500,10,4,No,No
E0877,40,Sales,Human Resources,2970,34,2,No,No
E0878,53,Research & Development,Healthcare Representative,4238,7,1,No,No
E0879,54,Human Resources,Healthcare Representative,5057,2,4,Yes,No
E0880,53,Sales,Sales Executive,6912,9,2,No,No
E0881,18,Research & Development,Research Scientist,4124,40,4,No,Yes
E0882,36,Research & Development,Manager,3836,4,3,No,No
E0883,44,Research & Development,Manufacturing Director,4455,23,1,No,No
E0884,28,Research & Development,Sales Executive,4046,7,2,No,No
E0885,35,Research & Development,Healthcare Representative,5280,16,4,Yes,No
E0886,22,Sales,Manager,5186,22,4,No,Yes
E0887,26,Research & Development,Research Scientist,8016,0,1,Yes,No
E0888,18,Sales,Healthcare Representative,4323,9,4,Yes,Yes
E0889,60,Research & Development,Human Resources,5713,24,4,No,No
E0890,54,Research & Development,Manufacturing Director,5301,0,3,Yes,No
E0891,35,Sales,Research Scientist,8280,20,1,No,No
E0892,18,Research & Development,Human Resources,6161,24,3,No,No
E0893,32,Sales,Human Resources,8812,8,2,No,Yes
E0894,36,Sales,Manufacturing Director,3965,6,1,No,No
E0895,25,Research & Development,Laboratory Technician,6391,20,4,No,Yes
E0896,46,Sales,Manager,5233,29,3,No,No
E0897,60,Research & Development,Sales Executive,3803,0,1,No,No
E0898,54,Sales,Laboratory Technician,6351,13,2,No,Yes
E0899,54,Research & Development,Manufacturing Director,10312,40,4,No,No
E0900,53,Research & Development,Healthcare Representative,4624,13,2,No,No
